,Year,StateAbbr,StateDesc,County,DataSource,Category,Measure,Data_Value_Unit,Data_Value_Type,Data_Value,Data_Value_Footnote_Symbol,Data_Value_Footnote,Low_Confidence_Limit,High_Confidence_Limit,TotalPopulation,LocationID,CategoryID,MeasureId,DataValueTypeID,Short_Question_Text,Geolocation
179353,2021,TX,Texas,Fayette,BRFSS,Health Outcomes,High blood pressure among adults aged >=18 years,%,Age-adjusted prevalence,31.7,,,27.5,36.0,24687,48149,HLTHOUT,BPHIGH,AgeAdjPrv,High Blood Pressure,POINT (-96.9212309 29.8778861)
179462,2021,TX,Texas,Medina,BRFSS,Health Outcomes,High blood pressure among adults aged >=18 years,%,Age-adjusted prevalence,30.8,,,26.7,34.9,51981,48325,HLTHOUT,BPHIGH,AgeAdjPrv,High Blood Pressure,POINT (-99.1110845 29.3536614)
179506,2021,TX,Texas,Clay,BRFSS,Health Outcomes,High blood pressure among adults aged >=18 years,%,Age-adjusted prevalence,30.9,,,26.8,35.3,10263,48077,HLTHOUT,BPHIGH,AgeAdjPrv,High Blood Pressure,POINT (-98.2129174 33.7859042)
179775,2021,TX,Texas,Burleson,BRFSS,Health Outcomes,High blood pressure among adults aged >=18 years,%,Age-adjusted prevalence,32.5,,,28.5,36.8,18051,48051,HLTHOUT,BPHIGH,AgeAdjPrv,High Blood Pressure,POINT (-96.6220912 30.4934867)
179789,2021,TX,Texas,Live Oak,BRFSS,Health Outcomes,High blood pressure among adults aged >=18 years,%,Age-adjusted prevalence,35.1,,,30.7,39.6,11377,48297,HLTHOUT,BPHIGH,AgeAdjPrv,High Blood Pressure,POINT (-98.1269608 28.3515349)
179942,2021,TX,Texas,Howard,BRFSS,Health Outcomes,High blood pressure among adults aged >=18 years,%,Age-adjusted prevalence,33.8,,,29.6,38.2,34128,48227,HLTHOUT,BPHIGH,AgeAdjPrv,High Blood Pressure,POINT (-101.4387208 32.3034298)
179961,2021,TX,Texas,Coryell,BRFSS,Health Outcomes,High blood pressure among adults aged >=18 years,%,Age-adjusted prevalence,35.6,,,31.5,39.7,84232,48099,HLTHOUT,BPHIGH,AgeAdjPrv,High Blood Pressure,POINT (-97.7980223 31.3911774)
180068,2021,TX,Texas,Nueces,BRFSS,Health Outcomes,High blood pressure among adults aged >=18 years,%,Age-adjusted prevalence,33.3,,,30.1,36.6,353079,48355,HLTHOUT,BPHIGH,AgeAdjPrv,High Blood Pressure,POINT (-97.5162143 27.7400315)
180168,2021,TX,Texas,Callahan,BRFSS,Health Outcomes,High blood pressure among adults aged >=18 years,%,Age-adjusted prevalence,31.3,,,27.1,35.6,14115,48059,HLTHOUT,BPHIGH,AgeAdjPrv,High Blood Pressure,POINT (-99.372249 32.2931499)
180224,2021,TX,Texas,Gonzales,BRFSS,Health Outcomes,High blood pressure among adults aged >=18 years,%,Age-adjusted prevalence,33.5,,,29.1,38.2,19641,48177,HLTHOUT,BPHIGH,AgeAdjPrv,High Blood Pressure,POINT (-97.4919205 29.4619121)
180262,2021,TX,Texas,Kleberg,BRFSS,Health Outcomes,High blood pressure among adults aged >=18 years,%,Age-adjusted prevalence,34.1,,,30.0,38.4,30635,48273,HLTHOUT,BPHIGH,AgeAdjPrv,High Blood Pressure,POINT (-97.6606203 27.4387348)
180347,2021,TX,Texas,Hill,BRFSS,Health Outcomes,High blood pressure among adults aged >=18 years,%,Age-adjusted prevalence,32.8,,,28.7,37.3,36471,48217,HLTHOUT,BPHIGH,AgeAdjPrv,High Blood Pressure,POINT (-97.130668 31.9826809)
180419,2021,TX,Texas,Dickens,BRFSS,Health Outcomes,High blood pressure among adults aged >=18 years,%,Age-adjusted prevalence,34.1,,,29.7,38.6,1740,48125,HLTHOUT,BPHIGH,AgeAdjPrv,High Blood Pressure,POINT (-100.7876173 33.6153628)
180420,2021,TX,Texas,Karnes,BRFSS,Health Outcomes,High blood pressure among adults aged >=18 years,%,Age-adjusted prevalence,35.3,,,30.9,40.0,14754,48255,HLTHOUT,BPHIGH,AgeAdjPrv,High Blood Pressure,POINT (-97.8522048 28.9089957)
180575,2021,TX,Texas,Kinney,BRFSS,Health Outcomes,High blood pressure among adults aged >=18 years,%,Age-adjusted prevalence,34.1,,,31.7,36.7,3130,48271,HLTHOUT,BPHIGH,AgeAdjPrv,High Blood Pressure,POINT (-100.4177003 29.3470865)
180625,2021,TX,Texas,Hardin,BRFSS,Health Outcomes,High blood pressure among adults aged >=18 years,%,Age-adjusted prevalence,33.3,,,29.3,37.5,56973,48199,HLTHOUT,BPHIGH,AgeAdjPrv,High Blood Pressure,POINT (-94.3931782 30.3296483)
180800,2021,TX,Texas,Floyd,BRFSS,Health Outcomes,High blood pressure among adults aged >=18 years,%,Age-adjusted prevalence,32.1,,,28.2,36.5,5350,48153,HLTHOUT,BPHIGH,AgeAdjPrv,High Blood Pressure,POINT (-101.3032742 34.0737305)
180846,2021,TX,Texas,Goliad,BRFSS,Health Outcomes,High blood pressure among adults aged >=18 years,%,Age-adjusted prevalence,31.7,,,27.6,36.1,7163,48175,HLTHOUT,BPHIGH,AgeAdjPrv,High Blood Pressure,POINT (-97.4304145 28.6607)
180857,2021,TX,Texas,Ellis,BRFSS,Health Outcomes,High blood pressure among adults aged >=18 years,%,Age-adjusted prevalence,32.0,,,27.8,36.2,202678,48139,HLTHOUT,BPHIGH,AgeAdjPrv,High Blood Pressure,POINT (-96.7969403 32.3468783)
180884,2021,TX,Texas,Palo Pinto,BRFSS,Health Outcomes,High blood pressure among adults aged >=18 years,%,Age-adjusted prevalence,32.9,,,28.8,37.1,28686,48363,HLTHOUT,BPHIGH,AgeAdjPrv,High Blood Pressure,POINT (-98.3179673 32.7522042)
180932,2021,TX,Texas,Jones,BRFSS,Health Outcomes,High blood pressure among adults aged >=18 years,%,Age-adjusted prevalence,35.9,,,31.6,40.6,19873,48253,HLTHOUT,BPHIGH,AgeAdjPrv,High Blood Pressure,POINT (-99.8744297 32.7437089)
180950,2021,TX,Texas,Montague,BRFSS,Health Outcomes,High blood pressure among adults aged >=18 years,%,Age-adjusted prevalence,32.3,,,28.2,36.5,20409,48337,HLTHOUT,BPHIGH,AgeAdjPrv,High Blood Pressure,POINT (-97.7250138 33.6783558)
181052,2021,TX,Texas,Collingsworth,BRFSS,Health Outcomes,High blood pressure among adults aged >=18 years,%,Age-adjusted prevalence,34.3,,,30.1,38.8,2615,48087,HLTHOUT,BPHIGH,AgeAdjPrv,High Blood Pressure,POINT (-100.2721351 34.9633577)
181081,2021,TX,Texas,Jeff Davis,BRFSS,Health Outcomes,High blood pressure among adults aged >=18 years,%,Age-adjusted prevalence,34.1,,,31.8,36.5,1949,48243,HLTHOUT,BPHIGH,AgeAdjPrv,High Blood Pressure,POINT (-104.191873 30.6253574)
181118,2021,TX,Texas,Gillespie,BRFSS,Health Outcomes,High blood pressure among adults aged >=18 years,%,Age-adjusted prevalence,29.0,,,25.0,33.2,27297,48171,HLTHOUT,BPHIGH,AgeAdjPrv,High Blood Pressure,POINT (-98.9418498 30.3250929)
181130,2021,TX,Texas,McMullen,BRFSS,Health Outcomes,High blood pressure among adults aged >=18 years,%,Age-adjusted prevalence,34.6,,,30.4,39.0,608,48311,HLTHOUT,BPHIGH,AgeAdjPrv,High Blood Pressure,POINT (-98.5788529 28.384922)
181196,2021,TX,Texas,Comanche,BRFSS,Health Outcomes,High blood pressure among adults aged >=18 years,%,Age-adjusted prevalence,32.0,,,27.6,36.7,13775,48093,HLTHOUT,BPHIGH,AgeAdjPrv,High Blood Pressure,POINT (-98.5496169 31.9516447)
181272,2021,TX,Texas,Borden,BRFSS,Health Outcomes,High blood pressure among adults aged >=18 years,%,Age-adjusted prevalence,28.5,,,24.4,32.6,617,48033,HLTHOUT,BPHIGH,AgeAdjPrv,High Blood Pressure,POINT (-101.439199 32.7385899)
181392,2021,TX,Texas,Angelina,BRFSS,Health Outcomes,High blood pressure among adults aged >=18 years,%,Age-adjusted prevalence,36.8,,,33.4,40.1,86506,48005,HLTHOUT,BPHIGH,AgeAdjPrv,High Blood Pressure,POINT (-94.6111337 31.2518963)
181548,2021,TX,Texas,Baylor,BRFSS,Health Outcomes,High blood pressure among adults aged >=18 years,%,Age-adjusted prevalence,32.2,,,27.7,36.5,3477,48023,HLTHOUT,BPHIGH,AgeAdjPrv,High Blood Pressure,POINT (-99.2081888 33.6188024)
181558,2021,TX,Texas,Coleman,BRFSS,Health Outcomes,High blood pressure among adults aged >=18 years,%,Age-adjusted prevalence,33.0,,,28.7,37.5,7735,48083,HLTHOUT,BPHIGH,AgeAdjPrv,High Blood Pressure,POINT (-99.3466223 31.9142052)
181668,2021,TX,Texas,Hockley,BRFSS,Health Outcomes,High blood pressure among adults aged >=18 years,%,Age-adjusted prevalence,33.3,,,28.7,38.2,21363,48219,HLTHOUT,BPHIGH,AgeAdjPrv,High Blood Pressure,POINT (-102.3433978 33.605932)
181797,2021,TX,Texas,Bowie,BRFSS,Health Outcomes,High blood pressure among adults aged >=18 years,%,Age-adjusted prevalence,36.0,,,31.9,41.3,92581,48037,HLTHOUT,BPHIGH,AgeAdjPrv,High Blood Pressure,POINT (-94.422393 33.4460648)
182135,2021,TX,Texas,Gaines,BRFSS,Health Outcomes,High blood pressure among adults aged >=18 years,%,Age-adjusted prevalence,33.1,,,28.9,37.7,21895,48165,HLTHOUT,BPHIGH,AgeAdjPrv,High Blood Pressure,POINT (-102.6315614 32.7439423)
182151,2021,TX,Texas,Childress,BRFSS,Health Outcomes,High blood pressure among adults aged >=18 years,%,Age-adjusted prevalence,34.6,,,30.1,39.3,6736,48075,HLTHOUT,BPHIGH,AgeAdjPrv,High Blood Pressure,POINT (-100.2081658 34.5246235)
182179,2021,TX,Texas,Llano,BRFSS,Health Outcomes,High blood pressure among adults aged >=18 years,%,Age-adjusted prevalence,30.6,,,26.5,34.9,21978,48299,HLTHOUT,BPHIGH,AgeAdjPrv,High Blood Pressure,POINT (-98.6846901 30.7075845)
182205,2021,TX,Texas,Cherokee,BRFSS,Health Outcomes,High blood pressure among adults aged >=18 years,%,Age-adjusted prevalence,34.7,,,30.2,38.9,51097,48073,HLTHOUT,BPHIGH,AgeAdjPrv,High Blood Pressure,POINT (-95.1563425 31.8438807)
182279,2021,TX,Texas,Donley,BRFSS,Health Outcomes,High blood pressure among adults aged >=18 years,%,Age-adjusted prevalence,32.9,,,30.6,35.0,3268,48129,HLTHOUT,BPHIGH,AgeAdjPrv,High Blood Pressure,POINT (-100.8158457 34.9550364)
182360,2021,TX,Texas,Culberson,BRFSS,Health Outcomes,High blood pressure among adults aged >=18 years,%,Age-adjusted prevalence,35.2,,,30.9,39.7,2193,48109,HLTHOUT,BPHIGH,AgeAdjPrv,High Blood Pressure,POINT (-104.5269447 31.4459085)
182367,2021,TX,Texas,Harris,BRFSS,Health Outcomes,High blood pressure among adults aged >=18 years,%,Age-adjusted prevalence,32.5,,,29.7,35.5,4728030,48201,HLTHOUT,BPHIGH,AgeAdjPrv,High Blood Pressure,POINT (-95.3930371 29.857273)
182651,2021,TX,Texas,Dimmit,BRFSS,Health Outcomes,High blood pressure among adults aged >=18 years,%,Age-adjusted prevalence,38.1,,,33.6,42.9,8473,48127,HLTHOUT,BPHIGH,AgeAdjPrv,High Blood Pressure,POINT (-99.7658713 28.4235871)
182704,2021,TX,Texas,Collin,BRFSS,Health Outcomes,High blood pressure among adults aged >=18 years,%,Age-adjusted prevalence,30.6,,,27.2,34.2,1109462,48085,HLTHOUT,BPHIGH,AgeAdjPrv,High Blood Pressure,POINT (-96.579428 33.1944942)
182760,2021,TX,Texas,Nacogdoches,BRFSS,Health Outcomes,High blood pressure among adults aged >=18 years,%,Age-adjusted prevalence,35.9,,,31.7,40.0,64668,48347,HLTHOUT,BPHIGH,AgeAdjPrv,High Blood Pressure,POINT (-94.6202497 31.6205598)
182900,2021,TX,Texas,Navarro,BRFSS,Health Outcomes,High blood pressure among adults aged >=18 years,%,Age-adjusted prevalence,34.9,,,30.6,39.5,53591,48349,HLTHOUT,BPHIGH,AgeAdjPrv,High Blood Pressure,POINT (-96.4769087 32.048448)
182989,2021,TX,Texas,Calhoun,BRFSS,Health Outcomes,High blood pressure among adults aged >=18 years,%,Age-adjusted prevalence,31.2,,,27.0,35.5,19727,48057,HLTHOUT,BPHIGH,AgeAdjPrv,High Blood Pressure,POINT (-96.5795739 28.4417191)
183065,2021,TX,Texas,DeWitt,BRFSS,Health Outcomes,High blood pressure among adults aged >=18 years,%,Age-adjusted prevalence,34.4,,,30.0,38.9,19918,48123,HLTHOUT,BPHIGH,AgeAdjPrv,High Blood Pressure,POINT (-97.3616543 29.0823457)
183112,2021,TX,Texas,Briscoe,BRFSS,Health Outcomes,High blood pressure among adults aged >=18 years,%,Age-adjusted prevalence,35.3,,,32.6,38.0,1403,48045,HLTHOUT,BPHIGH,AgeAdjPrv,High Blood Pressure,POINT (-101.205893 34.5251725)
183297,2021,TX,Texas,Blanco,BRFSS,Health Outcomes,High blood pressure among adults aged >=18 years,%,Age-adjusted prevalence,30.3,,,26.2,34.6,11886,48031,HLTHOUT,BPHIGH,AgeAdjPrv,High Blood Pressure,POINT (-98.399217 30.2664556)
183377,2021,TX,Texas,Moore,BRFSS,Health Outcomes,High blood pressure among adults aged >=18 years,%,Age-adjusted prevalence,33.0,,,28.3,37.8,21118,48341,HLTHOUT,BPHIGH,AgeAdjPrv,High Blood Pressure,POINT (-101.8905018 35.8356759)
183565,2021,TX,Texas,Marion,BRFSS,Health Outcomes,High blood pressure among adults aged >=18 years,%,Age-adjusted prevalence,36.6,,,32.3,41.2,9645,48315,HLTHOUT,BPHIGH,AgeAdjPrv,High Blood Pressure,POINT (-94.3568533 32.7981821)
183753,2021,TX,Texas,Oldham,BRFSS,Health Outcomes,High blood pressure among adults aged >=18 years,%,Age-adjusted prevalence,31.4,,,27.2,35.8,1717,48359,HLTHOUT,BPHIGH,AgeAdjPrv,High Blood Pressure,POINT (-102.5976203 35.4019206)
183813,2021,TX,Texas,Liberty,BRFSS,Health Outcomes,High blood pressure among adults aged >=18 years,%,Age-adjusted prevalence,34.8,,,30.2,39.0,97621,48291,HLTHOUT,BPHIGH,AgeAdjPrv,High Blood Pressure,POINT (-94.8440607 30.1585081)
183829,2021,TX,Texas,Kenedy,BRFSS,Health Outcomes,High blood pressure among adults aged >=18 years,%,Age-adjusted prevalence,35.1,,,30.8,39.5,340,48261,HLTHOUT,BPHIGH,AgeAdjPrv,High Blood Pressure,POINT (-97.5911434 26.8902129)
184054,2021,TX,Texas,Martin,BRFSS,Health Outcomes,High blood pressure among adults aged >=18 years,%,Age-adjusted prevalence,31.1,,,27.1,35.3,5211,48317,HLTHOUT,BPHIGH,AgeAdjPrv,High Blood Pressure,POINT (-101.9618363 32.3098298)
184129,2021,TX,Texas,Reagan,BRFSS,Health Outcomes,High blood pressure among adults aged >=18 years,%,Age-adjusted prevalence,31.3,,,27.1,35.5,3253,48383,HLTHOUT,BPHIGH,AgeAdjPrv,High Blood Pressure,POINT (-101.5143954 31.3751911)
184166,2021,TX,Texas,Kent,BRFSS,Health Outcomes,High blood pressure among adults aged >=18 years,%,Age-adjusted prevalence,29.6,,,27.5,31.9,749,48263,HLTHOUT,BPHIGH,AgeAdjPrv,High Blood Pressure,POINT (-100.7697199 33.1847797)
184497,2021,TX,Texas,Motley,BRFSS,Health Outcomes,High blood pressure among adults aged >=18 years,%,Age-adjusted prevalence,31.3,,,29.2,33.5,1067,48345,HLTHOUT,BPHIGH,AgeAdjPrv,High Blood Pressure,POINT (-100.7931519 34.0578993)
184562,2021,TX,Texas,Morris,BRFSS,Health Outcomes,High blood pressure among adults aged >=18 years,%,Age-adjusted prevalence,35.3,,,31.0,39.9,12030,48343,HLTHOUT,BPHIGH,AgeAdjPrv,High Blood Pressure,POINT (-94.7312653 33.116466)
184696,2021,TX,Texas,Mills,BRFSS,Health Outcomes,High blood pressure among adults aged >=18 years,%,Age-adjusted prevalence,31.1,,,28.7,33.3,4480,48333,HLTHOUT,BPHIGH,AgeAdjPrv,High Blood Pressure,POINT (-98.5946231 31.4948885)
184897,2021,TX,Texas,Panola,BRFSS,Health Outcomes,High blood pressure among adults aged >=18 years,%,Age-adjusted prevalence,34.8,,,30.3,38.9,22675,48365,HLTHOUT,BPHIGH,AgeAdjPrv,High Blood Pressure,POINT (-94.3051563 32.1639784)
185047,2021,TX,Texas,Cottle,BRFSS,Health Outcomes,High blood pressure among adults aged >=18 years,%,Age-adjusted prevalence,36.1,,,31.8,40.5,1381,48101,HLTHOUT,BPHIGH,AgeAdjPrv,High Blood Pressure,POINT (-100.2764416 34.0919063)
185320,2021,TX,Texas,Houston,BRFSS,Health Outcomes,High blood pressure among adults aged >=18 years,%,Age-adjusted prevalence,37.1,,,32.6,41.6,22241,48225,HLTHOUT,BPHIGH,AgeAdjPrv,High Blood Pressure,POINT (-95.4215995 31.3230362)
185346,2021,TX,Texas,Mason,BRFSS,Health Outcomes,High blood pressure among adults aged >=18 years,%,Age-adjusted prevalence,29.0,,,25.0,33.3,3943,48319,HLTHOUT,BPHIGH,AgeAdjPrv,High Blood Pressure,POINT (-99.2373018 30.7039159)
185369,2021,TX,Texas,Harrison,BRFSS,Health Outcomes,High blood pressure among adults aged >=18 years,%,Age-adjusted prevalence,34.5,,,30.2,38.7,69150,48203,HLTHOUT,BPHIGH,AgeAdjPrv,High Blood Pressure,POINT (-94.3744344 32.5479914)
185383,2021,TX,Texas,Menard,BRFSS,Health Outcomes,High blood pressure among adults aged >=18 years,%,Age-adjusted prevalence,31.7,,,27.5,35.9,1982,48327,HLTHOUT,BPHIGH,AgeAdjPrv,High Blood Pressure,POINT (-99.8588613 30.8852677)
185447,2021,TX,Texas,Jefferson,BRFSS,Health Outcomes,High blood pressure among adults aged >=18 years,%,Age-adjusted prevalence,37.0,,,33.5,40.4,253704,48245,HLTHOUT,BPHIGH,AgeAdjPrv,High Blood Pressure,POINT (-94.1493306 29.8539997)
185576,2021,TX,Texas,Jackson,BRFSS,Health Outcomes,High blood pressure among adults aged >=18 years,%,Age-adjusted prevalence,32.5,,,28.1,37.0,15121,48239,HLTHOUT,BPHIGH,AgeAdjPrv,High Blood Pressure,POINT (-96.58908 28.9598019)
185615,2021,TX,Texas,Parker,BRFSS,Health Outcomes,High blood pressure among adults aged >=18 years,%,Age-adjusted prevalence,30.2,,,26.3,34.4,156764,48367,HLTHOUT,BPHIGH,AgeAdjPrv,High Blood Pressure,POINT (-97.8059049 32.7770964)
185856,2021,TX,Texas,Gray,BRFSS,Health Outcomes,High blood pressure among adults aged >=18 years,%,Age-adjusted prevalence,34.3,,,30.3,38.9,21030,48179,HLTHOUT,BPHIGH,AgeAdjPrv,High Blood Pressure,POINT (-100.8123736 35.4025424)
185948,2021,TX,Texas,Jim Hogg,BRFSS,Health Outcomes,High blood pressure among adults aged >=18 years,%,Age-adjusted prevalence,34.9,,,32.5,37.4,4801,48247,HLTHOUT,BPHIGH,AgeAdjPrv,High Blood Pressure,POINT (-98.7475716 27.0532315)
186060,2021,TX,Texas,Aransas,BRFSS,Health Outcomes,High blood pressure among adults aged >=18 years,%,Age-adjusted prevalence,32.0,,,28.0,36.1,24510,48007,HLTHOUT,BPHIGH,AgeAdjPrv,High Blood Pressure,POINT (-96.9675012 28.1226209)
186112,2021,TX,Texas,McCulloch,BRFSS,Health Outcomes,High blood pressure among adults aged >=18 years,%,Age-adjusted prevalence,33.2,,,30.9,35.5,7533,48307,HLTHOUT,BPHIGH,AgeAdjPrv,High Blood Pressure,POINT (-99.3598557 31.2054766)
186462,2021,TX,Texas,Hale,BRFSS,Health Outcomes,High blood pressure among adults aged >=18 years,%,Age-adjusted prevalence,34.4,,,30.0,39.0,32220,48189,HLTHOUT,BPHIGH,AgeAdjPrv,High Blood Pressure,POINT (-101.8228879 34.0684364)
186806,2021,TX,Texas,Edwards,BRFSS,Health Outcomes,High blood pressure among adults aged >=18 years,%,Age-adjusted prevalence,34.5,,,31.8,37.3,1438,48137,HLTHOUT,BPHIGH,AgeAdjPrv,High Blood Pressure,POINT (-100.3073997 29.9859327)
186892,2021,TX,Texas,Ector,BRFSS,Health Outcomes,High blood pressure among adults aged >=18 years,%,Age-adjusted prevalence,32.5,,,28.3,36.8,161091,48135,HLTHOUT,BPHIGH,AgeAdjPrv,High Blood Pressure,POINT (-102.5425068 31.8653008)
187008,2021,TX,Texas,Kerr,BRFSS,Health Outcomes,High blood pressure among adults aged >=18 years,%,Age-adjusted prevalence,31.2,,,27.1,35.4,53161,48265,HLTHOUT,BPHIGH,AgeAdjPrv,High Blood Pressure,POINT (-99.3533388 30.059953)
187164,2021,TX,Texas,Colorado,BRFSS,Health Outcomes,High blood pressure among adults aged >=18 years,%,Age-adjusted prevalence,33.4,,,29.1,37.9,20630,48089,HLTHOUT,BPHIGH,AgeAdjPrv,High Blood Pressure,POINT (-96.5089347 29.596296)
187409,2021,TX,Texas,Guadalupe,BRFSS,Health Outcomes,High blood pressure among adults aged >=18 years,%,Age-adjusted prevalence,31.3,,,27.3,35.4,177036,48187,HLTHOUT,BPHIGH,AgeAdjPrv,High Blood Pressure,POINT (-97.9489953 29.5826714)
187506,2021,TX,Texas,Maverick,BRFSS,Health Outcomes,High blood pressure among adults aged >=18 years,%,Age-adjusted prevalence,34.1,,,29.8,38.7,58056,48323,HLTHOUT,BPHIGH,AgeAdjPrv,High Blood Pressure,POINT (-100.316678 28.7297873)
187517,2021,TX,Texas,Brooks,BRFSS,Health Outcomes,High blood pressure among adults aged >=18 years,%,Age-adjusted prevalence,35.9,,,31.4,40.5,6994,48047,HLTHOUT,BPHIGH,AgeAdjPrv,High Blood Pressure,POINT (-98.2152756 27.0349936)
187558,2021,TX,Texas,Lampasas,BRFSS,Health Outcomes,High blood pressure among adults aged >=18 years,%,Age-adjusted prevalence,31.6,,,27.5,35.8,22252,48281,HLTHOUT,BPHIGH,AgeAdjPrv,High Blood Pressure,POINT (-98.2408885 31.1967308)
187662,2021,TX,Texas,Henderson,BRFSS,Health Outcomes,High blood pressure among adults aged >=18 years,%,Age-adjusted prevalence,34.3,,,30.1,38.7,83667,48213,HLTHOUT,BPHIGH,AgeAdjPrv,High Blood Pressure,POINT (-95.8534183 32.2116334)
187673,2021,TX,Texas,Dallam,BRFSS,Health Outcomes,High blood pressure among adults aged >=18 years,%,Age-adjusted prevalence,35.4,,,31.0,39.6,7172,48111,HLTHOUT,BPHIGH,AgeAdjPrv,High Blood Pressure,POINT (-102.5940204 36.2863696)
187746,2021,TX,Texas,King,BRFSS,Health Outcomes,High blood pressure among adults aged >=18 years,%,Age-adjusted prevalence,35.9,,,31.3,40.8,258,48269,HLTHOUT,BPHIGH,AgeAdjPrv,High Blood Pressure,POINT (-100.2453455 33.6142675)
187837,2021,TX,Texas,Frio,BRFSS,Health Outcomes,High blood pressure among adults aged >=18 years,%,Age-adjusted prevalence,35.1,,,30.8,39.7,18436,48163,HLTHOUT,BPHIGH,AgeAdjPrv,High Blood Pressure,POINT (-99.109005 28.8693828)
187887,2021,TX,Texas,Hudspeth,BRFSS,Health Outcomes,High blood pressure among adults aged >=18 years,%,Age-adjusted prevalence,36.7,,,32.0,41.4,3287,48229,HLTHOUT,BPHIGH,AgeAdjPrv,High Blood Pressure,POINT (-105.3775489 31.4508678)
187892,2021,TX,Texas,Leon,BRFSS,Health Outcomes,High blood pressure among adults aged >=18 years,%,Age-adjusted prevalence,33.9,,,29.0,38.2,15959,48289,HLTHOUT,BPHIGH,AgeAdjPrv,High Blood Pressure,POINT (-95.9956219 31.3004926)
187914,2021,TX,Texas,Camp,BRFSS,Health Outcomes,High blood pressure among adults aged >=18 years,%,Age-adjusted prevalence,35.2,,,30.9,39.7,12616,48063,HLTHOUT,BPHIGH,AgeAdjPrv,High Blood Pressure,POINT (-94.979085 32.9745813)
187954,2021,TX,Texas,Brazoria,BRFSS,Health Outcomes,High blood pressure among adults aged >=18 years,%,Age-adjusted prevalence,34.5,,,31.3,37.7,379689,48039,HLTHOUT,BPHIGH,AgeAdjPrv,High Blood Pressure,POINT (-95.434647 29.1678175)
187966,2021,TX,Texas,Johnson,BRFSS,Health Outcomes,High blood pressure among adults aged >=18 years,%,Age-adjusted prevalence,31.7,,,27.8,35.8,187280,48251,HLTHOUT,BPHIGH,AgeAdjPrv,High Blood Pressure,POINT (-97.3649587 32.3798207)
188008,2021,TX,Texas,Brown,BRFSS,Health Outcomes,High blood pressure among adults aged >=18 years,%,Age-adjusted prevalence,32.8,,,28.6,37.2,38192,48049,HLTHOUT,BPHIGH,AgeAdjPrv,High Blood Pressure,POINT (-98.998456 31.7641372)
188255,2021,TX,Texas,Freestone,BRFSS,Health Outcomes,High blood pressure among adults aged >=18 years,%,Age-adjusted prevalence,34.7,,,30.3,39.0,19774,48161,HLTHOUT,BPHIGH,AgeAdjPrv,High Blood Pressure,POINT (-96.1449568 31.7017487)
188694,2021,TX,Texas,Pecos,BRFSS,Health Outcomes,High blood pressure among adults aged >=18 years,%,Age-adjusted prevalence,35.0,,,30.6,39.5,15118,48371,HLTHOUT,BPHIGH,AgeAdjPrv,High Blood Pressure,POINT (-102.7181533 30.773298)
188848,2021,TX,Texas,Hunt,BRFSS,Health Outcomes,High blood pressure among adults aged >=18 years,%,Age-adjusted prevalence,33.4,,,29.2,38.0,103394,48231,HLTHOUT,BPHIGH,AgeAdjPrv,High Blood Pressure,POINT (-96.0842298 33.1233077)
189036,2021,TX,Texas,Hemphill,BRFSS,Health Outcomes,High blood pressure among adults aged >=18 years,%,Age-adjusted prevalence,29.7,,,25.7,33.9,3271,48211,HLTHOUT,BPHIGH,AgeAdjPrv,High Blood Pressure,POINT (-100.2792102 35.8159564)
189246,2021,TX,Texas,Castro,BRFSS,Health Outcomes,High blood pressure among adults aged >=18 years,%,Age-adjusted prevalence,31.8,,,27.8,36.2,7374,48069,HLTHOUT,BPHIGH,AgeAdjPrv,High Blood Pressure,POINT (-102.2587856 34.5336207)
189257,2021,TX,Texas,Comal,BRFSS,Health Outcomes,High blood pressure among adults aged >=18 years,%,Age-adjusted prevalence,29.3,,,25.5,33.3,174986,48091,HLTHOUT,BPHIGH,AgeAdjPrv,High Blood Pressure,POINT (-98.2581288 29.8123773)
189426,2021,TX,Texas,La Salle,BRFSS,Health Outcomes,High blood pressure among adults aged >=18 years,%,Age-adjusted prevalence,33.4,,,29.1,37.5,6670,48283,HLTHOUT,BPHIGH,AgeAdjPrv,High Blood Pressure,POINT (-99.0967743 28.3510976)
189496,2021,TX,Texas,Brazos,BRFSS,Health Outcomes,High blood pressure among adults aged >=18 years,%,Age-adjusted prevalence,33.4,,,29.3,37.8,237032,48041,HLTHOUT,BPHIGH,AgeAdjPrv,High Blood Pressure,POINT (-96.3023935 30.6567132)
189539,2021,TX,Texas,Hansford,BRFSS,Health Outcomes,High blood pressure among adults aged >=18 years,%,Age-adjusted prevalence,32.9,,,30.5,35.2,5159,48195,HLTHOUT,BPHIGH,AgeAdjPrv,High Blood Pressure,POINT (-101.3569304 36.2728469)
189639,2021,TX,Texas,Bee,BRFSS,Health Outcomes,High blood pressure among adults aged >=18 years,%,Age-adjusted prevalence,35.6,,,31.2,40.1,30924,48025,HLTHOUT,BPHIGH,AgeAdjPrv,High Blood Pressure,POINT (-97.7425858 28.4160769)
189725,2021,TX,Texas,Anderson,BRFSS,Health Outcomes,High blood pressure among adults aged >=18 years,%,Age-adjusted prevalence,36.8,,,32.3,41.3,58402,48001,HLTHOUT,BPHIGH,AgeAdjPrv,High Blood Pressure,POINT (-95.6617267 31.8412614)
189859,2021,TX,Texas,Erath,BRFSS,Health Outcomes,High blood pressure among adults aged >=18 years,%,Age-adjusted prevalence,32.0,,,27.6,36.3,43378,48143,HLTHOUT,BPHIGH,AgeAdjPrv,High Blood Pressure,POINT (-98.2205073 32.2366609)
189886,2021,TX,Texas,Atascosa,BRFSS,Health Outcomes,High blood pressure among adults aged >=18 years,%,Age-adjusted prevalence,31.6,,,27.3,35.6,49939,48013,HLTHOUT,BPHIGH,AgeAdjPrv,High Blood Pressure,POINT (-98.535381 28.8914775)
189992,2021,TX,Texas,Kaufman,BRFSS,Health Outcomes,High blood pressure among adults aged >=18 years,%,Age-adjusted prevalence,32.4,,,28.2,36.6,157768,48257,HLTHOUT,BPHIGH,AgeAdjPrv,High Blood Pressure,POINT (-96.2883773 32.5989442)
190014,2021,TX,Texas,Jack,BRFSS,Health Outcomes,High blood pressure among adults aged >=18 years,%,Age-adjusted prevalence,34.2,,,30.0,38.7,8712,48237,HLTHOUT,BPHIGH,AgeAdjPrv,High Blood Pressure,POINT (-98.1711775 33.2321604)
190020,2021,TX,Texas,Mitchell,BRFSS,Health Outcomes,High blood pressure among adults aged >=18 years,%,Age-adjusted prevalence,34.5,,,32.3,36.6,9070,48335,HLTHOUT,BPHIGH,AgeAdjPrv,High Blood Pressure,POINT (-100.9243924 32.3041168)
190029,2021,TX,Texas,Bell,BRFSS,Health Outcomes,High blood pressure among adults aged >=18 years,%,Age-adjusted prevalence,33.3,,,30.2,36.7,379617,48027,HLTHOUT,BPHIGH,AgeAdjPrv,High Blood Pressure,POINT (-97.4812684 31.0427497)
190158,2021,TX,Texas,Caldwell,BRFSS,Health Outcomes,High blood pressure among adults aged >=18 years,%,Age-adjusted prevalence,33.0,,,28.8,37.4,46791,48055,HLTHOUT,BPHIGH,AgeAdjPrv,High Blood Pressure,POINT (-97.628141 29.8323986)
190243,2021,TX,Texas,Archer,BRFSS,Health Outcomes,High blood pressure among adults aged >=18 years,%,Age-adjusted prevalence,31.5,,,27.1,36.0,8681,48009,HLTHOUT,BPHIGH,AgeAdjPrv,High Blood Pressure,POINT (-98.6872669 33.6163054)
190284,2021,TX,Texas,Brewster,BRFSS,Health Outcomes,High blood pressure among adults aged >=18 years,%,Age-adjusted prevalence,30.0,,,25.9,34.3,9450,48043,HLTHOUT,BPHIGH,AgeAdjPrv,High Blood Pressure,POINT (-103.2524579 29.8089965)
190368,2021,TX,Texas,Crosby,BRFSS,Health Outcomes,High blood pressure among adults aged >=18 years,%,Age-adjusted prevalence,34.7,,,30.5,39.3,5106,48107,HLTHOUT,BPHIGH,AgeAdjPrv,High Blood Pressure,POINT (-101.2987099 33.609144)
190378,2021,TX,Texas,Burnet,BRFSS,Health Outcomes,High blood pressure among adults aged >=18 years,%,Age-adjusted prevalence,31.4,,,27.1,35.8,50954,48053,HLTHOUT,BPHIGH,AgeAdjPrv,High Blood Pressure,POINT (-98.2011868 30.7896305)
190501,2021,TX,Texas,Coke,BRFSS,Health Outcomes,High blood pressure among adults aged >=18 years,%,Age-adjusted prevalence,32.1,,,27.8,36.5,3321,48081,HLTHOUT,BPHIGH,AgeAdjPrv,High Blood Pressure,POINT (-100.6352305 31.8771104)
190558,2021,TX,Texas,Bosque,BRFSS,Health Outcomes,High blood pressure among adults aged >=18 years,%,Age-adjusted prevalence,32.6,,,28.5,37.0,18503,48035,HLTHOUT,BPHIGH,AgeAdjPrv,High Blood Pressure,POINT (-97.6376407 31.9008189)
190615,2021,TX,Texas,Ochiltree,BRFSS,Health Outcomes,High blood pressure among adults aged >=18 years,%,Age-adjusted prevalence,32.4,,,28.2,36.7,9782,48357,HLTHOUT,BPHIGH,AgeAdjPrv,High Blood Pressure,POINT (-100.8158636 36.2787442)
190686,2021,TX,Texas,Lamar,BRFSS,Health Outcomes,High blood pressure among adults aged >=18 years,%,Age-adjusted prevalence,34.6,,,30.0,38.9,50098,48277,HLTHOUT,BPHIGH,AgeAdjPrv,High Blood Pressure,POINT (-95.5703477 33.6672628)
190700,2021,TX,Texas,Montgomery,BRFSS,Health Outcomes,High blood pressure among adults aged >=18 years,%,Age-adjusted prevalence,29.9,,,26.0,34.1,648886,48339,HLTHOUT,BPHIGH,AgeAdjPrv,High Blood Pressure,POINT (-95.50295 30.2988009)
190840,2021,TX,Texas,Andrews,BRFSS,Health Outcomes,High blood pressure among adults aged >=18 years,%,Age-adjusted prevalence,32.3,,,27.9,36.4,18440,48003,HLTHOUT,BPHIGH,AgeAdjPrv,High Blood Pressure,POINT (-102.6402058 32.3122581)
190860,2021,TX,Texas,Hardeman,BRFSS,Health Outcomes,High blood pressure among adults aged >=18 years,%,Age-adjusted prevalence,32.4,,,28.2,36.7,3552,48197,HLTHOUT,BPHIGH,AgeAdjPrv,High Blood Pressure,POINT (-99.7456973 34.2899036)
190919,2021,TX,Texas,Midland,BRFSS,Health Outcomes,High blood pressure among adults aged >=18 years,%,Age-adjusted prevalence,30.7,,,26.7,34.8,167969,48329,HLTHOUT,BPHIGH,AgeAdjPrv,High Blood Pressure,POINT (-102.0024538 31.8142693)
190923,2021,TX,Texas,Real,BRFSS,Health Outcomes,High blood pressure among adults aged >=18 years,%,Age-adjusted prevalence,35.1,,,32.5,38.0,2826,48385,HLTHOUT,BPHIGH,AgeAdjPrv,High Blood Pressure,POINT (-99.812549 29.8300967)
190949,2021,TX,Texas,Carson,BRFSS,Health Outcomes,High blood pressure among adults aged >=18 years,%,Age-adjusted prevalence,30.5,,,26.2,34.7,5746,48065,HLTHOUT,BPHIGH,AgeAdjPrv,High Blood Pressure,POINT (-101.3553558 35.4054961)
191144,2021,TX,Texas,Hall,BRFSS,Health Outcomes,High blood pressure among adults aged >=18 years,%,Age-adjusted prevalence,34.7,,,30.4,39.1,2845,48191,HLTHOUT,BPHIGH,AgeAdjPrv,High Blood Pressure,POINT (-100.5763434 34.4531894)
191231,2021,TX,Texas,Kendall,BRFSS,Health Outcomes,High blood pressure among adults aged >=18 years,%,Age-adjusted prevalence,28.2,,,24.0,32.6,46788,48259,HLTHOUT,BPHIGH,AgeAdjPrv,High Blood Pressure,POINT (-98.7092693 29.9435246)
191325,2021,TX,Texas,Madison,BRFSS,Health Outcomes,High blood pressure among adults aged >=18 years,%,Age-adjusted prevalence,35.4,,,31.0,39.9,13718,48313,HLTHOUT,BPHIGH,AgeAdjPrv,High Blood Pressure,POINT (-95.9303719 30.9668782)
191396,2021,TX,Texas,Foard,BRFSS,Health Outcomes,High blood pressure among adults aged >=18 years,%,Age-adjusted prevalence,35.2,,,30.9,39.8,1080,48155,HLTHOUT,BPHIGH,AgeAdjPrv,High Blood Pressure,POINT (-99.8168285 33.9633063)
191478,2021,TX,Texas,Cameron,BRFSS,Health Outcomes,High blood pressure among adults aged >=18 years,%,Age-adjusted prevalence,33.0,,,29.8,36.4,423029,48061,HLTHOUT,BPHIGH,AgeAdjPrv,High Blood Pressure,POINT (-97.4789584 26.1029227)
191654,2021,TX,Texas,Lavaca,BRFSS,Health Outcomes,High blood pressure among adults aged >=18 years,%,Age-adjusted prevalence,32.8,,,28.6,37.1,20544,48285,HLTHOUT,BPHIGH,AgeAdjPrv,High Blood Pressure,POINT (-96.9236334 29.3825778)
191679,2021,TX,Texas,Hood,BRFSS,Health Outcomes,High blood pressure among adults aged >=18 years,%,Age-adjusted prevalence,29.6,,,25.7,34.2,64222,48221,HLTHOUT,BPHIGH,AgeAdjPrv,High Blood Pressure,POINT (-97.8316766 32.430149)
191891,2021,TX,Texas,Grimes,BRFSS,Health Outcomes,High blood pressure among adults aged >=18 years,%,Age-adjusted prevalence,35.2,,,31.0,39.6,30287,48185,HLTHOUT,BPHIGH,AgeAdjPrv,High Blood Pressure,POINT (-95.988082 30.5432314)
192041,2021,TX,Texas,Irion,BRFSS,Health Outcomes,High blood pressure among adults aged >=18 years,%,Age-adjusted prevalence,31.3,,,27.0,35.8,1552,48235,HLTHOUT,BPHIGH,AgeAdjPrv,High Blood Pressure,POINT (-100.9813037 31.3034241)
192161,2021,TX,Texas,Franklin,BRFSS,Health Outcomes,High blood pressure among adults aged >=18 years,%,Age-adjusted prevalence,29.8,,,25.8,34.1,10464,48159,HLTHOUT,BPHIGH,AgeAdjPrv,High Blood Pressure,POINT (-95.2190662 33.1758457)
192198,2021,TX,Texas,Lee,BRFSS,Health Outcomes,High blood pressure among adults aged >=18 years,%,Age-adjusted prevalence,34.1,,,29.8,38.5,17706,48287,HLTHOUT,BPHIGH,AgeAdjPrv,High Blood Pressure,POINT (-96.9768226 30.3214983)
192200,2021,TX,Texas,Bailey,BRFSS,Health Outcomes,High blood pressure among adults aged >=18 years,%,Age-adjusted prevalence,31.8,,,27.6,36.3,6835,48017,HLTHOUT,BPHIGH,AgeAdjPrv,High Blood Pressure,POINT (-102.8303446 34.0675209)
192212,2021,TX,Texas,Garza,BRFSS,Health Outcomes,High blood pressure among adults aged >=18 years,%,Age-adjusted prevalence,33.7,,,29.5,38.1,5863,48169,HLTHOUT,BPHIGH,AgeAdjPrv,High Blood Pressure,POINT (-101.3011341 33.183792)
192242,2021,TX,Texas,Grayson,BRFSS,Health Outcomes,High blood pressure among adults aged >=18 years,%,Age-adjusted prevalence,31.5,,,27.3,35.7,139336,48181,HLTHOUT,BPHIGH,AgeAdjPrv,High Blood Pressure,POINT (-96.675693 33.624524)
192284,2021,TX,Texas,Hays,BRFSS,Health Outcomes,High blood pressure among adults aged >=18 years,%,Age-adjusted prevalence,31.3,,,27.6,35.2,255397,48209,HLTHOUT,BPHIGH,AgeAdjPrv,High Blood Pressure,POINT (-98.0292673 30.0612247)
192360,2021,TX,Texas,Bandera,BRFSS,Health Outcomes,High blood pressure among adults aged >=18 years,%,Age-adjusted prevalence,31.0,,,27.2,35.2,21565,48019,HLTHOUT,BPHIGH,AgeAdjPrv,High Blood Pressure,POINT (-99.2482849 29.756389)
192471,2021,TX,Texas,Hidalgo,BRFSS,Health Outcomes,High blood pressure among adults aged >=18 years,%,Age-adjusted prevalence,33.3,,,30.1,36.7,880356,48215,HLTHOUT,BPHIGH,AgeAdjPrv,High Blood Pressure,POINT (-98.18099 26.3963839)
192548,2021,TX,Texas,Gregg,BRFSS,Health Outcomes,High blood pressure among adults aged >=18 years,%,Age-adjusted prevalence,35.3,,,31.1,39.7,124201,48183,HLTHOUT,BPHIGH,AgeAdjPrv,High Blood Pressure,POINT (-94.8162768 32.4864014)
192572,2021,TX,Texas,Bexar,BRFSS,Health Outcomes,High blood pressure among adults aged >=18 years,%,Age-adjusted prevalence,31.8,,,28.8,34.9,2028236,48029,HLTHOUT,BPHIGH,AgeAdjPrv,High Blood Pressure,POINT (-98.5201465 29.4486708)
192598,2021,TX,Texas,Jasper,BRFSS,Health Outcomes,High blood pressure among adults aged >=18 years,%,Age-adjusted prevalence,37.4,,,33.2,42.2,32975,48241,HLTHOUT,BPHIGH,AgeAdjPrv,High Blood Pressure,POINT (-94.0222943 30.7529323)
192665,2021,TX,Texas,Cass,BRFSS,Health Outcomes,High blood pressure among adults aged >=18 years,%,Age-adjusted prevalence,36.2,,,31.5,40.8,28560,48067,HLTHOUT,BPHIGH,AgeAdjPrv,High Blood Pressure,POINT (-94.3575786 33.0836979)
192713,2021,TX,Texas,Loving,BRFSS,Health Outcomes,High blood pressure among adults aged >=18 years,%,Age-adjusted prevalence,25.4,,,21.5,29.3,57,48301,HLTHOUT,BPHIGH,AgeAdjPrv,High Blood Pressure,POINT (-103.5612293 31.8449361)
192800,2021,TX,Texas,Deaf Smith,BRFSS,Health Outcomes,High blood pressure among adults aged >=18 years,%,Age-adjusted prevalence,33.3,,,29.1,37.7,18329,48117,HLTHOUT,BPHIGH,AgeAdjPrv,High Blood Pressure,POINT (-102.6075637 34.9407663)
192861,2021,TX,Texas,Haskell,BRFSS,Health Outcomes,High blood pressure among adults aged >=18 years,%,Age-adjusted prevalence,34.4,,,31.8,37.1,5411,48207,HLTHOUT,BPHIGH,AgeAdjPrv,High Blood Pressure,POINT (-99.730774 33.1759638)
192896,2021,TX,Texas,Dallas,BRFSS,Health Outcomes,High blood pressure among adults aged >=18 years,%,Age-adjusted prevalence,33.3,,,30.8,36.2,2586050,48113,HLTHOUT,BPHIGH,AgeAdjPrv,High Blood Pressure,POINT (-96.7784238 32.7669866)
192918,2021,TX,Texas,Potter,BRFSS,Health Outcomes,High blood pressure among adults aged >=18 years,%,Age-adjusted prevalence,35.8,,,31.7,40.2,116547,48375,HLTHOUT,BPHIGH,AgeAdjPrv,High Blood Pressure,POINT (-101.893804 35.3986751)
193016,2021,TX,Texas,Crockett,BRFSS,Health Outcomes,High blood pressure among adults aged >=18 years,%,Age-adjusted prevalence,30.4,,,26.4,34.6,3068,48105,HLTHOUT,BPHIGH,AgeAdjPrv,High Blood Pressure,POINT (-101.4042113 30.7175316)
193155,2021,TX,Texas,Knox,BRFSS,Health Outcomes,High blood pressure among adults aged >=18 years,%,Age-adjusted prevalence,33.4,,,29.0,37.7,3351,48275,HLTHOUT,BPHIGH,AgeAdjPrv,High Blood Pressure,POINT (-99.7303563 33.6118897)
193333,2021,TX,Texas,Hartley,BRFSS,Health Outcomes,High blood pressure among adults aged >=18 years,%,Age-adjusted prevalence,30.9,,,26.8,35.4,5397,48205,HLTHOUT,BPHIGH,AgeAdjPrv,High Blood Pressure,POINT (-102.6100473 35.8402444)
193380,2021,TX,Texas,Lubbock,BRFSS,Health Outcomes,High blood pressure among adults aged >=18 years,%,Age-adjusted prevalence,32.2,,,28.8,36.0,314451,48303,HLTHOUT,BPHIGH,AgeAdjPrv,High Blood Pressure,POINT (-101.8199438 33.6114688)
193569,2021,TX,Texas,Falls,BRFSS,Health Outcomes,High blood pressure among adults aged >=18 years,%,Age-adjusted prevalence,37.0,,,32.6,41.7,17313,48145,HLTHOUT,BPHIGH,AgeAdjPrv,High Blood Pressure,POINT (-96.9341275 31.2519298)
193571,2021,TX,Texas,Polk,BRFSS,Health Outcomes,High blood pressure among adults aged >=18 years,%,Age-adjusted prevalence,34.6,,,30.5,39.0,51899,48373,HLTHOUT,BPHIGH,AgeAdjPrv,High Blood Pressure,POINT (-94.8373376 30.7845525)
193663,2021,TX,Texas,Newton,BRFSS,Health Outcomes,High blood pressure among adults aged >=18 years,%,Age-adjusted prevalence,37.8,,,33.4,42.5,12241,48351,HLTHOUT,BPHIGH,AgeAdjPrv,High Blood Pressure,POINT (-93.73925 30.7867182)
193892,2021,TX,Texas,Armstrong,BRFSS,Health Outcomes,High blood pressure among adults aged >=18 years,%,Age-adjusted prevalence,29.5,,,25.5,33.8,1839,48011,HLTHOUT,BPHIGH,AgeAdjPrv,High Blood Pressure,POINT (-101.3566363 34.964179)
193958,2021,TX,Texas,Delta,BRFSS,Health Outcomes,High blood pressure among adults aged >=18 years,%,Age-adjusted prevalence,33.4,,,28.8,37.8,5392,48119,HLTHOUT,BPHIGH,AgeAdjPrv,High Blood Pressure,POINT (-95.6733504 33.3859329)
194043,2021,TX,Texas,Dawson,BRFSS,Health Outcomes,High blood pressure among adults aged >=18 years,%,Age-adjusted prevalence,36.1,,,31.7,40.9,12413,48115,HLTHOUT,BPHIGH,AgeAdjPrv,High Blood Pressure,POINT (-101.9487714 32.742528)
194110,2021,TX,Texas,Chambers,BRFSS,Health Outcomes,High blood pressure among adults aged >=18 years,%,Age-adjusted prevalence,32.5,,,28.4,36.8,48865,48071,HLTHOUT,BPHIGH,AgeAdjPrv,High Blood Pressure,POINT (-94.6694454 29.6963741)
194248,2021,TX,Texas,Austin,BRFSS,Health Outcomes,High blood pressure among adults aged >=18 years,%,Age-adjusted prevalence,32.1,,,27.9,36.6,30380,48015,HLTHOUT,BPHIGH,AgeAdjPrv,High Blood Pressure,POINT (-96.2701696 29.8919013)
194310,2021,TX,Texas,El Paso,BRFSS,Health Outcomes,High blood pressure among adults aged >=18 years,%,Age-adjusted prevalence,33.1,,,30.0,36.4,867947,48141,HLTHOUT,BPHIGH,AgeAdjPrv,High Blood Pressure,POINT (-106.2414234 31.7664803)
194386,2021,TX,Texas,Lynn,BRFSS,Health Outcomes,High blood pressure among adults aged >=18 years,%,Age-adjusted prevalence,33.6,,,29.4,37.9,5688,48305,HLTHOUT,BPHIGH,AgeAdjPrv,High Blood Pressure,POINT (-101.8184933 33.1784124)
194435,2021,TX,Texas,Cochran,BRFSS,Health Outcomes,High blood pressure among adults aged >=18 years,%,Age-adjusted prevalence,37.2,,,32.9,41.7,2516,48079,HLTHOUT,BPHIGH,AgeAdjPrv,High Blood Pressure,POINT (-102.830449 33.6084401)
194522,2021,TX,Texas,Randall,BRFSS,Health Outcomes,High blood pressure among adults aged >=18 years,%,Age-adjusted prevalence,31.2,,,27.4,35.5,143854,48381,HLTHOUT,BPHIGH,AgeAdjPrv,High Blood Pressure,POINT (-101.8955472 34.962529)
194572,2021,TX,Texas,Denton,BRFSS,Health Outcomes,High blood pressure among adults aged >=18 years,%,Age-adjusted prevalence,29.1,,,25.7,32.6,941647,48121,HLTHOUT,BPHIGH,AgeAdjPrv,High Blood Pressure,POINT (-97.1211403 33.205132)
194875,2021,TX,Texas,Hopkins,BRFSS,Health Outcomes,High blood pressure among adults aged >=18 years,%,Age-adjusted prevalence,33.5,,,29.2,38.1,37211,48223,HLTHOUT,BPHIGH,AgeAdjPrv,High Blood Pressure,POINT (-95.5654337 33.1489673)
195063,2021,TX,Texas,Parmer,BRFSS,Health Outcomes,High blood pressure among adults aged >=18 years,%,Age-adjusted prevalence,32.3,,,28.1,36.7,9813,48369,HLTHOUT,BPHIGH,AgeAdjPrv,High Blood Pressure,POINT (-102.7848533 34.5321628)
195070,2021,TX,Texas,Presidio,BRFSS,Health Outcomes,High blood pressure among adults aged >=18 years,%,Age-adjusted prevalence,37.6,,,32.8,42.8,6140,48377,HLTHOUT,BPHIGH,AgeAdjPrv,High Blood Pressure,POINT (-104.2616192 30.0058912)
195135,2021,TX,Texas,Matagorda,BRFSS,Health Outcomes,High blood pressure among adults aged >=18 years,%,Age-adjusted prevalence,34.5,,,30.2,38.9,36344,48321,HLTHOUT,BPHIGH,AgeAdjPrv,High Blood Pressure,POINT (-96.0015316 28.7747601)
195197,2021,TX,Texas,Orange,BRFSS,Health Outcomes,High blood pressure among adults aged >=18 years,%,Age-adjusted prevalence,32.7,,,29.0,36.5,84742,48361,HLTHOUT,BPHIGH,AgeAdjPrv,High Blood Pressure,POINT (-93.8940999 30.1223229)
195219,2021,TX,Texas,Bastrop,BRFSS,Health Outcomes,High blood pressure among adults aged >=18 years,%,Age-adjusted prevalence,31.1,,,27.4,34.8,102058,48021,HLTHOUT,BPHIGH,AgeAdjPrv,High Blood Pressure,POINT (-97.3106392 30.1007718)
195413,2021,TX,Texas,Limestone,BRFSS,Health Outcomes,High blood pressure among adults aged >=18 years,%,Age-adjusted prevalence,36.2,,,31.6,40.8,22119,48293,HLTHOUT,BPHIGH,AgeAdjPrv,High Blood Pressure,POINT (-96.593623 31.5475427)
195544,2021,TX,Texas,Concho,BRFSS,Health Outcomes,High blood pressure among adults aged >=18 years,%,Age-adjusted prevalence,32.5,,,30.2,34.8,3341,48095,HLTHOUT,BPHIGH,AgeAdjPrv,High Blood Pressure,POINT (-99.8636485 31.3188831)
195632,2021,TX,Texas,Eastland,BRFSS,Health Outcomes,High blood pressure among adults aged >=18 years,%,Age-adjusted prevalence,33.7,,,29.4,38.3,17864,48133,HLTHOUT,BPHIGH,AgeAdjPrv,High Blood Pressure,POINT (-98.8365596 32.3246454)
195648,2021,TX,Texas,Duval,BRFSS,Health Outcomes,High blood pressure among adults aged >=18 years,%,Age-adjusted prevalence,34.1,,,29.8,38.6,9756,48131,HLTHOUT,BPHIGH,AgeAdjPrv,High Blood Pressure,POINT (-98.4973933 27.6811232)
195816,2021,TX,Texas,Fannin,BRFSS,Health Outcomes,High blood pressure among adults aged >=18 years,%,Age-adjusted prevalence,33.7,,,29.4,38.1,36569,48147,HLTHOUT,BPHIGH,AgeAdjPrv,High Blood Pressure,POINT (-96.1049882 33.5911611)
195908,2021,TX,Texas,Galveston,BRFSS,Health Outcomes,High blood pressure among adults aged >=18 years,%,Age-adjusted prevalence,31.0,,,27.3,35.2,355062,48167,HLTHOUT,BPHIGH,AgeAdjPrv,High Blood Pressure,POINT (-94.8884558 29.233453)
195909,2021,TX,Texas,Fisher,BRFSS,Health Outcomes,High blood pressure among adults aged >=18 years,%,Age-adjusted prevalence,31.7,,,27.5,36.0,3706,48151,HLTHOUT,BPHIGH,AgeAdjPrv,High Blood Pressure,POINT (-100.4031198 32.7404728)
196001,2021,TX,Texas,Nolan,BRFSS,Health Outcomes,High blood pressure among adults aged >=18 years,%,Age-adjusted prevalence,34.5,,,30.2,38.9,14597,48353,HLTHOUT,BPHIGH,AgeAdjPrv,High Blood Pressure,POINT (-100.4181078 32.3123379)
196097,2021,TX,Texas,McLennan,BRFSS,Health Outcomes,High blood pressure among adults aged >=18 years,%,Age-adjusted prevalence,33.4,,,29.4,37.6,263115,48309,HLTHOUT,BPHIGH,AgeAdjPrv,High Blood Pressure,POINT (-97.2015108 31.5495958)
196261,2021,TX,Texas,Lamb,BRFSS,Health Outcomes,High blood pressure among adults aged >=18 years,%,Age-adjusted prevalence,34.6,,,30.2,39.1,12898,48279,HLTHOUT,BPHIGH,AgeAdjPrv,High Blood Pressure,POINT (-102.3480182 34.0688615)
196285,2021,TX,Texas,Hamilton,BRFSS,Health Outcomes,High blood pressure among adults aged >=18 years,%,Age-adjusted prevalence,33.3,,,28.9,37.9,8229,48193,HLTHOUT,BPHIGH,AgeAdjPrv,High Blood Pressure,POINT (-98.1117562 31.7073424)
196323,2021,TX,Texas,Rains,BRFSS,Health Outcomes,High blood pressure among adults aged >=18 years,%,Age-adjusted prevalence,31.9,,,27.6,36.5,12509,48379,HLTHOUT,BPHIGH,AgeAdjPrv,High Blood Pressure,POINT (-95.795613 32.8704571)
196350,2021,TX,Texas,Crane,BRFSS,Health Outcomes,High blood pressure among adults aged >=18 years,%,Age-adjusted prevalence,31.1,,,28.9,33.3,4680,48103,HLTHOUT,BPHIGH,AgeAdjPrv,High Blood Pressure,POINT (-102.4877739 31.4227965)
196413,2021,TX,Texas,Fort Bend,BRFSS,Health Outcomes,High blood pressure among adults aged >=18 years,%,Age-adjusted prevalence,30.9,,,27.1,34.9,858527,48157,HLTHOUT,BPHIGH,AgeAdjPrv,High Blood Pressure,POINT (-95.7710149 29.5266017)
196460,2021,TX,Texas,Kimble,BRFSS,Health Outcomes,High blood pressure among adults aged >=18 years,%,Age-adjusted prevalence,32.1,,,29.8,34.4,4365,48267,HLTHOUT,BPHIGH,AgeAdjPrv,High Blood Pressure,POINT (-99.7463959 30.479472)
196544,2021,TX,Texas,Lipscomb,BRFSS,Health Outcomes,High blood pressure among adults aged >=18 years,%,Age-adjusted prevalence,31.0,,,26.7,35.2,2931,48295,HLTHOUT,BPHIGH,AgeAdjPrv,High Blood Pressure,POINT (-100.2726827 36.2801998)
196861,2021,TX,Texas,Jim Wells,BRFSS,Health Outcomes,High blood pressure among adults aged >=18 years,%,Age-adjusted prevalence,33.7,,,29.0,38.5,38847,48249,HLTHOUT,BPHIGH,AgeAdjPrv,High Blood Pressure,POINT (-98.0908141 27.7335157)
196925,2021,TX,Texas,Red River,BRFSS,Health Outcomes,High blood pressure among adults aged >=18 years,%,Age-adjusted prevalence,35.8,,,31.3,40.4,11555,48387,HLTHOUT,BPHIGH,AgeAdjPrv,High Blood Pressure,POINT (-95.0484293 33.6196255)
197002,2021,TX,Texas,Milam,BRFSS,Health Outcomes,High blood pressure among adults aged >=18 years,%,Age-adjusted prevalence,33.6,,,29.4,37.9,25106,48331,HLTHOUT,BPHIGH,AgeAdjPrv,High Blood Pressure,POINT (-96.9843946 30.791242)
197059,2021,TX,Texas,Cooke,BRFSS,Health Outcomes,High blood pressure among adults aged >=18 years,%,Age-adjusted prevalence,32.0,,,27.9,36.2,42244,48097,HLTHOUT,BPHIGH,AgeAdjPrv,High Blood Pressure,POINT (-97.2103433 33.6391964)
197288,2021,TX,Texas,Hutchinson,BRFSS,Health Outcomes,High blood pressure among adults aged >=18 years,%,Age-adjusted prevalence,31.6,,,27.5,36.0,20495,48233,HLTHOUT,BPHIGH,AgeAdjPrv,High Blood Pressure,POINT (-101.3627461 35.837047)
197312,2021,TX,Texas,Glasscock,BRFSS,Health Outcomes,High blood pressure among adults aged >=18 years,%,Age-adjusted prevalence,31.4,,,29.2,33.8,1149,48173,HLTHOUT,BPHIGH,AgeAdjPrv,High Blood Pressure,POINT (-101.5214944 31.8680062)
197368,2021,TX,Texas,Shackelford,BRFSS,Health Outcomes,High blood pressure among adults aged >=18 years,%,Age-adjusted prevalence,30.4,,,28.0,32.9,3212,48417,HLTHOUT,BPHIGH,AgeAdjPrv,High Blood Pressure,POINT (-99.3470045 32.7438198)
197552,2021,TX,Texas,Terry,BRFSS,Health Outcomes,High blood pressure among adults aged >=18 years,%,Age-adjusted prevalence,35.6,,,31.2,40.2,11754,48445,HLTHOUT,BPHIGH,AgeAdjPrv,High Blood Pressure,POINT (-102.339284 33.171229)
197719,2021,TX,Texas,Sabine,BRFSS,Health Outcomes,High blood pressure among adults aged >=18 years,%,Age-adjusted prevalence,34.9,,,30.5,39.4,10039,48403,HLTHOUT,BPHIGH,AgeAdjPrv,High Blood Pressure,POINT (-93.8519129 31.3432997)
197721,2021,TX,Texas,Tarrant,BRFSS,Health Outcomes,High blood pressure among adults aged >=18 years,%,Age-adjusted prevalence,32.3,,,29.2,35.3,2126477,48439,HLTHOUT,BPHIGH,AgeAdjPrv,High Blood Pressure,POINT (-97.2912241 32.7721191)
197737,2021,TX,Texas,Scurry,BRFSS,Health Outcomes,High blood pressure among adults aged >=18 years,%,Age-adjusted prevalence,33.1,,,29.0,37.2,16824,48415,HLTHOUT,BPHIGH,AgeAdjPrv,High Blood Pressure,POINT (-100.9133465 32.7443531)
197768,2021,TX,Texas,Reeves,BRFSS,Health Outcomes,High blood pressure among adults aged >=18 years,%,Age-adjusted prevalence,35.5,,,33.1,37.8,14487,48389,HLTHOUT,BPHIGH,AgeAdjPrv,High Blood Pressure,POINT (-103.712706 31.308366)
197823,2021,TX,Texas,San Jacinto,BRFSS,Health Outcomes,High blood pressure among adults aged >=18 years,%,Age-adjusted prevalence,34.1,,,29.6,38.4,27878,48407,HLTHOUT,BPHIGH,AgeAdjPrv,High Blood Pressure,POINT (-95.1631363 30.5743884)
197868,2021,TX,Texas,Sterling,BRFSS,Health Outcomes,High blood pressure among adults aged >=18 years,%,Age-adjusted prevalence,30.4,,,27.9,32.7,1381,48431,HLTHOUT,BPHIGH,AgeAdjPrv,High Blood Pressure,POINT (-101.0549114 31.8357735)
197875,2021,TX,Texas,Shelby,BRFSS,Health Outcomes,High blood pressure among adults aged >=18 years,%,Age-adjusted prevalence,36.9,,,32.4,41.5,23939,48419,HLTHOUT,BPHIGH,AgeAdjPrv,High Blood Pressure,POINT (-94.1425794 31.7901394)
197985,2021,TX,Texas,Taylor,BRFSS,Health Outcomes,High blood pressure among adults aged >=18 years,%,Age-adjusted prevalence,31.9,,,27.6,36.0,143326,48441,HLTHOUT,BPHIGH,AgeAdjPrv,High Blood Pressure,POINT (-99.8904299 32.2971255)
198004,2021,TX,Texas,Starr,BRFSS,Health Outcomes,High blood pressure among adults aged >=18 years,%,Age-adjusted prevalence,36.4,,,31.9,40.9,66049,48427,HLTHOUT,BPHIGH,AgeAdjPrv,High Blood Pressure,POINT (-98.7402346 26.5309027)
198196,2021,TX,Texas,Upshur,BRFSS,Health Outcomes,High blood pressure among adults aged >=18 years,%,Age-adjusted prevalence,33.7,,,29.5,38.0,41774,48459,HLTHOUT,BPHIGH,AgeAdjPrv,High Blood Pressure,POINT (-94.9411837 32.7353495)
198291,2021,TX,Texas,Waller,BRFSS,Health Outcomes,High blood pressure among adults aged >=18 years,%,Age-adjusted prevalence,32.9,,,28.5,37.6,59781,48473,HLTHOUT,BPHIGH,AgeAdjPrv,High Blood Pressure,POINT (-95.9821493 30.0135901)
198479,2021,TX,Texas,Wilson,BRFSS,Health Outcomes,High blood pressure among adults aged >=18 years,%,Age-adjusted prevalence,31.1,,,27.0,35.3,51257,48493,HLTHOUT,BPHIGH,AgeAdjPrv,High Blood Pressure,POINT (-98.0867336 29.173883)
198815,2021,TX,Texas,San Saba,BRFSS,Health Outcomes,High blood pressure among adults aged >=18 years,%,Age-adjusted prevalence,33.5,,,29.2,38.0,5827,48411,HLTHOUT,BPHIGH,AgeAdjPrv,High Blood Pressure,POINT (-98.8192922 31.1551375)
198972,2021,TX,Texas,Throckmorton,BRFSS,Health Outcomes,High blood pressure among adults aged >=18 years,%,Age-adjusted prevalence,32.4,,,30.1,34.9,1495,48447,HLTHOUT,BPHIGH,AgeAdjPrv,High Blood Pressure,POINT (-99.205796 33.1706954)
199324,2021,TX,Texas,Van Zandt,BRFSS,Health Outcomes,High blood pressure among adults aged >=18 years,%,Age-adjusted prevalence,32.1,,,27.9,36.4,61275,48467,HLTHOUT,BPHIGH,AgeAdjPrv,High Blood Pressure,POINT (-95.8369057 32.5587866)
199405,2021,TX,Texas,Tyler,BRFSS,Health Outcomes,High blood pressure among adults aged >=18 years,%,Age-adjusted prevalence,35.5,,,31.2,40.1,20077,48457,HLTHOUT,BPHIGH,AgeAdjPrv,High Blood Pressure,POINT (-94.3756561 30.7692953)
199567,2021,TX,Texas,Stonewall,BRFSS,Health Outcomes,High blood pressure among adults aged >=18 years,%,Age-adjusted prevalence,32.5,,,30.1,34.8,1217,48433,HLTHOUT,BPHIGH,AgeAdjPrv,High Blood Pressure,POINT (-100.2538069 33.1795797)
199732,2021,TX,Texas,Wood,BRFSS,Health Outcomes,High blood pressure among adults aged >=18 years,%,Age-adjusted prevalence,32.3,,,28.2,36.6,45875,48499,HLTHOUT,BPHIGH,AgeAdjPrv,High Blood Pressure,POINT (-95.3821664 32.7835881)
201723,2021,TX,Texas,Refugio,BRFSS,Health Outcomes,High blood pressure among adults aged >=18 years,%,Age-adjusted prevalence,33.6,,,29.5,37.9,6756,48391,HLTHOUT,BPHIGH,AgeAdjPrv,High Blood Pressure,POINT (-97.1624723 28.3221157)
204188,2021,TX,Texas,Winkler,BRFSS,Health Outcomes,High blood pressure among adults aged >=18 years,%,Age-adjusted prevalence,32.1,,,27.8,36.2,7415,48495,HLTHOUT,BPHIGH,AgeAdjPrv,High Blood Pressure,POINT (-103.0549246 31.8328615)
204675,2021,TX,Texas,Swisher,BRFSS,Health Outcomes,High blood pressure among adults aged >=18 years,%,Age-adjusted prevalence,37.2,,,32.7,42.1,7008,48437,HLTHOUT,BPHIGH,AgeAdjPrv,High Blood Pressure,POINT (-101.7438647 34.5263193)
205561,2021,TX,Texas,Travis,BRFSS,Health Outcomes,High blood pressure among adults aged >=18 years,%,Age-adjusted prevalence,27.0,,,24.4,29.5,1305154,48453,HLTHOUT,BPHIGH,AgeAdjPrv,High Blood Pressure,POINT (-97.6912697 30.2395128)
205737,2021,TX,Texas,Schleicher,BRFSS,Health Outcomes,High blood pressure among adults aged >=18 years,%,Age-adjusted prevalence,30.9,,,26.8,35.2,2429,48413,HLTHOUT,BPHIGH,AgeAdjPrv,High Blood Pressure,POINT (-100.5272161 30.8962331)
206051,2021,TX,Texas,Roberts,BRFSS,Health Outcomes,High blood pressure among adults aged >=18 years,%,Age-adjusted prevalence,30.1,,,28.0,32.2,797,48393,HLTHOUT,BPHIGH,AgeAdjPrv,High Blood Pressure,POINT (-100.8366824 35.838596)
206207,2021,TX,Texas,Rockwall,BRFSS,Health Outcomes,High blood pressure among adults aged >=18 years,%,Age-adjusted prevalence,29.7,,,25.8,34.1,116381,48397,HLTHOUT,BPHIGH,AgeAdjPrv,High Blood Pressure,POINT (-96.4120504 32.8998859)
206234,2021,TX,Texas,Rusk,BRFSS,Health Outcomes,High blood pressure among adults aged >=18 years,%,Age-adjusted prevalence,34.5,,,30.3,39.1,52743,48401,HLTHOUT,BPHIGH,AgeAdjPrv,High Blood Pressure,POINT (-94.7563823 32.1094232)
206325,2021,TX,Texas,Yoakum,BRFSS,Health Outcomes,High blood pressure among adults aged >=18 years,%,Age-adjusted prevalence,31.8,,,27.5,36.4,7607,48501,HLTHOUT,BPHIGH,AgeAdjPrv,High Blood Pressure,POINT (-102.8322409 33.1623386)
206760,2021,TX,Texas,Wharton,BRFSS,Health Outcomes,High blood pressure among adults aged >=18 years,%,Age-adjusted prevalence,33.9,,,29.5,38.0,41721,48481,HLTHOUT,BPHIGH,AgeAdjPrv,High Blood Pressure,POINT (-96.2296745 29.2784805)
206928,2021,TX,Texas,Titus,BRFSS,Health Outcomes,High blood pressure among adults aged >=18 years,%,Age-adjusted prevalence,34.5,,,30.2,39.0,31183,48449,HLTHOUT,BPHIGH,AgeAdjPrv,High Blood Pressure,POINT (-94.9667825 33.214599)
207040,2021,TX,Texas,Webb,BRFSS,Health Outcomes,High blood pressure among adults aged >=18 years,%,Age-adjusted prevalence,33.4,,,29.0,37.8,267945,48479,HLTHOUT,BPHIGH,AgeAdjPrv,High Blood Pressure,POINT (-99.3407518 27.7607987)
207041,2021,TX,Texas,Uvalde,BRFSS,Health Outcomes,High blood pressure among adults aged >=18 years,%,Age-adjusted prevalence,33.0,,,28.7,37.6,24729,48463,HLTHOUT,BPHIGH,AgeAdjPrv,High Blood Pressure,POINT (-99.768427 29.3503081)
207065,2021,TX,Texas,Young,BRFSS,Health Outcomes,High blood pressure among adults aged >=18 years,%,Age-adjusted prevalence,31.9,,,27.5,36.3,17977,48503,HLTHOUT,BPHIGH,AgeAdjPrv,High Blood Pressure,POINT (-98.6783895 33.1587778)
207130,2021,TX,Texas,Somervell,BRFSS,Health Outcomes,High blood pressure among adults aged >=18 years,%,Age-adjusted prevalence,30.5,,,26.4,34.5,9469,48425,HLTHOUT,BPHIGH,AgeAdjPrv,High Blood Pressure,POINT (-97.769217 32.2180714)
207144,2021,TX,Texas,Trinity,BRFSS,Health Outcomes,High blood pressure among adults aged >=18 years,%,Age-adjusted prevalence,34.9,,,30.7,39.4,13827,48455,HLTHOUT,BPHIGH,AgeAdjPrv,High Blood Pressure,POINT (-95.1516869 31.096675)
207180,2021,TX,Texas,Willacy,BRFSS,Health Outcomes,High blood pressure among adults aged >=18 years,%,Age-adjusted prevalence,36.4,,,32.0,41.2,20316,48489,HLTHOUT,BPHIGH,AgeAdjPrv,High Blood Pressure,POINT (-97.5947313 26.4818607)
207257,2021,TX,Texas,Smith,BRFSS,Health Outcomes,High blood pressure among adults aged >=18 years,%,Age-adjusted prevalence,34.1,,,30.0,38.1,237186,48423,HLTHOUT,BPHIGH,AgeAdjPrv,High Blood Pressure,POINT (-95.2700409 32.3770156)
207528,2021,TX,Texas,Wise,BRFSS,Health Outcomes,High blood pressure among adults aged >=18 years,%,Age-adjusted prevalence,31.3,,,27.3,35.8,71714,48497,HLTHOUT,BPHIGH,AgeAdjPrv,High Blood Pressure,POINT (-97.6539968 33.2190947)
207925,2021,TX,Texas,Ward,BRFSS,Health Outcomes,High blood pressure among adults aged >=18 years,%,Age-adjusted prevalence,33.4,,,29.2,37.6,11194,48475,HLTHOUT,BPHIGH,AgeAdjPrv,High Blood Pressure,POINT (-103.1051127 31.5130687)
208094,2021,TX,Texas,Val Verde,BRFSS,Health Outcomes,High blood pressure among adults aged >=18 years,%,Age-adjusted prevalence,33.5,,,29.2,38.1,47564,48465,HLTHOUT,BPHIGH,AgeAdjPrv,High Blood Pressure,POINT (-101.1433237 29.8752853)
208347,2021,TX,Texas,Walker,BRFSS,Health Outcomes,High blood pressure among adults aged >=18 years,%,Age-adjusted prevalence,37.6,,,33.3,42.0,77977,48471,HLTHOUT,BPHIGH,AgeAdjPrv,High Blood Pressure,POINT (-95.5698246 30.7431631)
208460,2021,TX,Texas,Upton,BRFSS,Health Outcomes,High blood pressure among adults aged >=18 years,%,Age-adjusted prevalence,32.7,,,28.3,37.6,3265,48461,HLTHOUT,BPHIGH,AgeAdjPrv,High Blood Pressure,POINT (-102.0415461 31.3538163)
209499,2021,TX,Texas,Zapata,BRFSS,Health Outcomes,High blood pressure among adults aged >=18 years,%,Age-adjusted prevalence,35.9,,,31.3,40.6,13908,48505,HLTHOUT,BPHIGH,AgeAdjPrv,High Blood Pressure,POINT (-99.1826027 26.9969806)
209988,2021,TX,Texas,Zavala,BRFSS,Health Outcomes,High blood pressure among adults aged >=18 years,%,Age-adjusted prevalence,36.2,,,33.8,38.7,9534,48507,HLTHOUT,BPHIGH,AgeAdjPrv,High Blood Pressure,POINT (-99.7598304 28.8646523)
210481,2021,TX,Texas,Runnels,BRFSS,Health Outcomes,High blood pressure among adults aged >=18 years,%,Age-adjusted prevalence,32.6,,,28.4,37.0,9943,48399,HLTHOUT,BPHIGH,AgeAdjPrv,High Blood Pressure,POINT (-99.9827145 31.8451193)
210628,2021,TX,Texas,Williamson,BRFSS,Health Outcomes,High blood pressure among adults aged >=18 years,%,Age-adjusted prevalence,30.0,,,26.9,33.3,643026,48491,HLTHOUT,BPHIGH,AgeAdjPrv,High Blood Pressure,POINT (-97.6050646 30.6490817)
211007,2021,TX,Texas,Sutton,BRFSS,Health Outcomes,High blood pressure among adults aged >=18 years,%,Age-adjusted prevalence,32.1,,,29.7,34.4,3319,48435,HLTHOUT,BPHIGH,AgeAdjPrv,High Blood Pressure,POINT (-100.5133594 30.5221852)
211278,2021,TX,Texas,Washington,BRFSS,Health Outcomes,High blood pressure among adults aged >=18 years,%,Age-adjusted prevalence,33.3,,,29.0,37.9,35891,48477,HLTHOUT,BPHIGH,AgeAdjPrv,High Blood Pressure,POINT (-96.4102717 30.2150752)
211486,2021,TX,Texas,Wheeler,BRFSS,Health Outcomes,High blood pressure among adults aged >=18 years,%,Age-adjusted prevalence,33.9,,,31.5,36.3,4927,48483,HLTHOUT,BPHIGH,AgeAdjPrv,High Blood Pressure,POINT (-100.2531067 35.3925926)
211710,2021,TX,Texas,Victoria,BRFSS,Health Outcomes,High blood pressure among adults aged >=18 years,%,Age-adjusted prevalence,32.7,,,28.8,37.1,90964,48469,HLTHOUT,BPHIGH,AgeAdjPrv,High Blood Pressure,POINT (-96.9711977 28.7963699)
211941,2021,TX,Texas,Terrell,BRFSS,Health Outcomes,High blood pressure among adults aged >=18 years,%,Age-adjusted prevalence,32.6,,,28.3,36.7,724,48443,HLTHOUT,BPHIGH,AgeAdjPrv,High Blood Pressure,POINT (-102.0725126 30.2323427)
212920,2021,TX,Texas,Tom Green,BRFSS,Health Outcomes,High blood pressure among adults aged >=18 years,%,Age-adjusted prevalence,31.8,,,27.8,35.7,119411,48451,HLTHOUT,BPHIGH,AgeAdjPrv,High Blood Pressure,POINT (-100.4637879 31.3988233)
212996,2021,TX,Texas,Wichita,BRFSS,Health Outcomes,High blood pressure among adults aged >=18 years,%,Age-adjusted prevalence,35.3,,,31.0,39.7,130069,48485,HLTHOUT,BPHIGH,AgeAdjPrv,High Blood Pressure,POINT (-98.7080098 33.9882125)
213526,2021,TX,Texas,Stephens,BRFSS,Health Outcomes,High blood pressure among adults aged >=18 years,%,Age-adjusted prevalence,32.7,,,28.6,37.1,9173,48429,HLTHOUT,BPHIGH,AgeAdjPrv,High Blood Pressure,POINT (-98.8393443 32.7380521)
214166,2021,TX,Texas,San Patricio,BRFSS,Health Outcomes,High blood pressure among adults aged >=18 years,%,Age-adjusted prevalence,33.6,,,29.6,37.8,69699,48409,HLTHOUT,BPHIGH,AgeAdjPrv,High Blood Pressure,POINT (-97.5171566 28.0117944)
214883,2021,TX,Texas,Wilbarger,BRFSS,Health Outcomes,High blood pressure among adults aged >=18 years,%,Age-adjusted prevalence,35.9,,,31.3,40.5,12731,48487,HLTHOUT,BPHIGH,AgeAdjPrv,High Blood Pressure,POINT (-99.2424397 34.0849199)
214955,2021,TX,Texas,Sherman,BRFSS,Health Outcomes,High blood pressure among adults aged >=18 years,%,Age-adjusted prevalence,31.5,,,27.2,35.8,2798,48421,HLTHOUT,BPHIGH,AgeAdjPrv,High Blood Pressure,POINT (-101.8992648 36.2785929)
215177,2021,TX,Texas,Robertson,BRFSS,Health Outcomes,High blood pressure among adults aged >=18 years,%,Age-adjusted prevalence,35.1,,,30.6,39.1,16958,48395,HLTHOUT,BPHIGH,AgeAdjPrv,High Blood Pressure,POINT (-96.5149408 31.025481)
215192,2021,TX,Texas,San Augustine,BRFSS,Health Outcomes,High blood pressure among adults aged >=18 years,%,Age-adjusted prevalence,38.1,,,33.8,42.8,7922,48405,HLTHOUT,BPHIGH,AgeAdjPrv,High Blood Pressure,POINT (-94.1631796 31.3824492)
